id,first name,email
100,Ruthe,Ruthe.undefined@gmail.com
101,Britte,Britte.undefined@gmail.com
102,Grier,Grier.undefined@gmail.com
103,Justinn,Justinn.undefined@gmail.com
104,Mary,Mary.undefined@gmail.com
105,Deedee,Deedee.undefined@gmail.com
106,Carmencita,Carmencita.undefined@gmail.com
107,Estell,Estell.undefined@gmail.com
108,Kaja,Kaja.undefined@gmail.com
109,Starla,Starla.undefined@gmail.com
110,Sabina,Sabina.undefined@gmail.com
111,Johna,Johna.undefined@gmail.com
112,Etta,Etta.undefined@gmail.com
